scenario,period,allocation_case,GWP_gCO2eq_per_kWh_mean,historical_GWP_gCO2eq_per_kWh,GWP_change_vs_historical_g_per_kWh,GWP_change_vs_historical_pct
historical,1991-2014,A_Integer_replacement,31.509693696434976,31.509693696434976,0.0,0.0
ssp245,2041-2060,A_Integer_replacement,47.511028779885294,31.509693696434976,16.001335083450318,50.7822616037068
ssp245,2081-2100,A_Integer_replacement,47.3698647595263,31.509693696434976,15.860171063091325,50.334259723018995
ssp585,2041-2060,A_Integer_replacement,47.86342241940101,31.509693696434976,16.353728722966036,51.90062740856254
ssp585,2081-2100,A_Integer_replacement,48.408432830228485,31.509693696434976,16.89873913379351,53.63028690978815
historical,1991-2014,B_Residual_service_life_allocation,31.509693696434976,31.509693696434976,0.0,0.0
ssp245,2041-2060,B_Residual_service_life_allocation,34.74458948908451,31.509693696434976,3.234895792649535,10.266351122973738
ssp245,2081-2100,B_Residual_service_life_allocation,36.57955979900899,31.509693696434976,5.069866102574014,16.08986158804717
ssp585,2041-2060,B_Residual_service_life_allocation,36.2511587604507,31.509693696434976,4.741465064015724,15.047639338214758
ssp585,2081-2100,B_Residual_service_life_allocation,45.7702960477316,31.509693696434976,14.260602351296622,45.257826015966884
historical,1991-2014,C_No_module_replacement,31.509693696434976,31.509693696434976,0.0,0.0
ssp245,2041-2060,C_No_module_replacement,31.883477672585325,31.509693696434976,0.3737839761503494,1.186250744775208
ssp245,2081-2100,C_No_module_replacement,32.26986863609843,31.509693696434976,0.7601749396634538,2.4125113591613845
ssp585,2041-2060,C_No_module_replacement,32.47134441651096,31.509693696434976,0.9616507200759834,3.0519202418803015
ssp585,2081-2100,C_No_module_replacement,34.622019093779876,31.509693696434976,3.1123253973449003,9.877358464125695
