scenario,period,allocation_case,service_life_years_mean,module_equivalents_30y_mean,generation_kWh_per_kWp_mean,GWP_gCO2eq_per_kWh_mean,GWP_gCO2eq_per_kWh_std,GWP_gCO2eq_per_kWh_min,GWP_gCO2eq_per_kWh_max
historical,1991-2014,A_Integer_replacement,30.0,1.0,29890.14342930789,31.509693696434976,0.0,31.509693696434972,31.509693696434972
historical,1991-2014,B_Residual_service_life_allocation,30.0,1.0,29890.14342930789,31.509693696434976,0.0,31.509693696434972,31.509693696434972
historical,1991-2014,C_No_module_replacement,30.0,1.0,29890.14342930789,31.509693696434976,0.0,31.509693696434972,31.509693696434972
ssp245,2041-2060,A_Integer_replacement,24.0,2.0,30924.802140507014,47.511028779885294,0.18886550667729451,47.29387358382543,47.63701026341888
ssp245,2041-2060,B_Residual_service_life_allocation,24.0,1.2514492753623188,30924.802140507014,34.74458948908451,0.9184839285473593,33.93182639202669,35.74103445627749
ssp245,2041-2060,C_No_module_replacement,24.0,1.0,29540.98099276972,31.883477672585325,0.25486520267657575,31.71585033873654,32.1767718379945
ssp245,2081-2100,A_Integer_replacement,22.0,2.0,31016.79839247665,47.3698647595263,0.13452134445139835,47.24945606218566,47.515053232105494
ssp245,2081-2100,B_Residual_service_life_allocation,22.0,1.365518539431583,31016.79839247665,36.57955979900899,0.9976370644496846,35.64953269253846,37.63327267981846
ssp245,2081-2100,C_No_module_replacement,22.0,1.0,29186.605174444045,32.26986863609843,0.17615126371289133,32.168043027047496,32.47327054421397
ssp585,2041-2060,A_Integer_replacement,22.666666666666668,2.0,30696.99821004676,47.86342241940101,0.15080078831524138,47.68973102578456,47.96096169344892
ssp585,2041-2060,B_Residual_service_life_allocation,22.666666666666668,1.3241106719367588,30696.99821004676,36.2511587604507,0.6594060303283675,35.780589721686745,37.00484457000371
ssp585,2041-2060,C_No_module_replacement,22.666666666666668,1.0,29005.998279297142,32.47134441651096,0.24083387605563653,32.2461240214216,32.72522664271959
ssp585,2081-2100,A_Integer_replacement,16.333333333333332,2.0,30352.877366356883,48.408432830228485,0.4424297062856269,48.02821942344227,48.8940431190127
ssp585,2081-2100,B_Residual_service_life_allocation,16.333333333333332,1.8472222222222223,30352.877366356883,45.7702960477316,3.321495019570852,42.28125299670559,48.8940431190127
ssp585,2081-2100,C_No_module_replacement,16.333333333333332,1.0,27212.053557226227,34.622019093779876,0.766039462234973,33.877868481481414,35.40821558673692
